Column1,Column2,Column3
"[Sponsored]RockJam RJ761-SK Key Electronic Interactive Teaching Piano Keyboard with Stand, Stool, Sustain pedal & Headphones",/gp/slredirect/picassoRedirect.html/ref=pa_sp_atf_aps_sr_pg1_1?ie=UTF8&adId=A032675930GT1N4WHXKTH&url=https%3A%2F%2Fwww.amazon.com%2FRockJam-RJ761-SK-Electronic-Interactive-Headphones%2Fdp%2FB06XBZH1DZ%2Fref%3Dsr_1_1_sspa%3Fie%3DUTF8%26qid%3D1531848340%26sr%3D8-1-spons%26keywords%3Dpiano%2Bkeyboard%26smid%3DATVPDKIKX0DER%26psc%3D1&qualifier=1531848340&id=3565439633718209&widgetName=sp_atf,"$ 99 99 "
[Sponsored]Hamzer 61-Key Digital Music Piano Keyboard - Portable Electronic Musical Instrument - with Stand & Microphone,/gp/slredirect/picassoRedirect.html/ref=pa_sp_atf_aps_sr_pg1_2?ie=UTF8&adId=A07912652WA4SXTPOW82T&url=https%3A%2F%2Fwww.amazon.com%2FHamzer-61-Key-Digital-Music-Keyboard%2Fdp%2FB01H5M9MR2%2Fref%3Dsr_1_2_sspa%3Fie%3DUTF8%26qid%3D1531848340%26sr%3D8-2-spons%26keywords%3Dpiano%2Bkeyboard%26psc%3D1&qualifier=1531848340&id=3565439633718209&widgetName=sp_atf,"$ 86 99 "
,,"$ 119 99 "
"Alesis Recital - 88-Key Beginner Digital Piano/Keyboard with Full-Size Semi-Weighted Keys, Power Supply, Built-In Speakers and 5 Premium Voices (Amazon Exclusive)",https://www.amazon.com/Alesis-Recital-Full-Size-Semi-Weighted-Built/dp/B01DZXE9NC/ref=sr_1_4?ie=UTF8&qid=1531848340&sr=8-4&keywords=piano+keyboard,"$ 209 99 "
,,"$ 59 99 "
"Casio Inc. CTK2400 PPK 61-Key Premium Portable Keyboard Package with Samson HP30 Headphones, Stand and Power Supply",https://www.amazon.com/Casio-CTK2400-PPK-Portable-Headphones/dp/B00JZEW4XS/ref=sr_1_7?ie=UTF8&qid=1531848340&sr=8-7&keywords=piano+keyboard,
,,"$ 99 99 "
,,"$ 49 00 "
"Hamzer 61-Key Portable Electronic Keyboard Piano with Stand, Stool, Headphones & Microphone",https://www.amazon.com/Hamzer-Portable-Electronic-Headphones-Microphone/dp/B0714JFQ7F/ref=sr_1_10?ie=UTF8&qid=1531848340&sr=8-10&keywords=piano+keyboard,"$ 109 99 "
"[Sponsored]Plixio 61 Key Electronic Keyboard Piano with LED Display, Stereo & USB Input- Portable Music Keyboard",/gp/slredirect/picassoRedirect.html/ref=pa_sp_mtf_aps_sr_pg1_1?ie=UTF8&adId=A09280693H0PIXALD9GSK&url=https%3A%2F%2Fwww.amazon.com%2FPlixio-Electronic-Keyboard-Display-Portable%2Fdp%2FB0773VDP6R%2Fref%3Dsr_1_11_sspa%3Fie%3DUTF8%26qid%3D1531848340%26sr%3D8-11-spons%26keywords%3Dpiano%2Bkeyboard%26psc%3D1&qualifier=1531848340&id=3565439633718209&widgetName=sp_mtf,"$ 59 99 "
"[Sponsored]The ONE Smart Piano Keyboard, 61-Key Portable Keyboard, The ONE Light Keyboard, Electric MIDI Keyboard, Pink",/gp/slredirect/picassoRedirect.html/ref=pa_sp_mtf_aps_sr_pg1_2?ie=UTF8&adId=A04858361J8OB175V8UJU&url=https%3A%2F%2Fwww.amazon.com%2FONE-Keyboard-61-Key-Portable-Electric%2Fdp%2FB075FNDC5P%2Fref%3Dsr_1_12_sspa%3Fie%3DUTF8%26qid%3D1531848340%26sr%3D8-12-spons%26keywords%3Dpiano%2Bkeyboard%26psc%3D1&qualifier=1531848340&id=3565439633718209&widgetName=sp_mtf,"$ 299 00 "
RockJam 54-Key Portable Electronic Keyboard with Interactive LCD Screen & Includes Piano Maestro Teaching App with 30 Songs,https://www.amazon.com/RockJam-Portable-Electronic-Keyboard-Interactive/dp/B018AVHOJ0/ref=sr_1_13?ie=UTF8&qid=1531848340&sr=8-13&keywords=piano+keyboard&smid=ATVPDKIKX0DER,"$ 59 99 "
"Joy JK-66M 61-Key Simulation Piano Electronic Keyboard Kit Including USB for Beginners,with Headphone,Stand,Stool,Power Suppply",https://www.amazon.com/Joy-Simulation-Electronic-Including-Beginners/dp/B01MUCAKZ5/ref=sr_1_14?ie=UTF8&qid=1531848340&sr=8-14&keywords=piano+keyboard,"$ 99 99 "
,,"$ 34 99 "
,,"$ 713 13 "
,,"$ 108 10 "
"Alesis Melody 61 Beginner Bundle | 61-Key Portable Keyboard with Stand, Bench, Headphones, and Microphone",https://www.amazon.com/Alesis-Melody-61-Headphones-Microphone/dp/B01I53P9FO/ref=sr_1_18?ie=UTF8&qid=1531848340&sr=8-18&keywords=piano+keyboard,"$ 99 99 "
Digital Music Piano Keyboard 61 Key - Portable Electronic Musical Instrument Multi-function - with Stand & Microphone Kids Piano Musical Teaching Keyboard Toy Birthday Christmas Festival Gift for Kids,https://www.amazon.com/Digital-Music-Piano-Keyboard-Multi-function/dp/B07DLMLSS9/ref=sr_1_19?ie=UTF8&qid=1531848340&sr=8-19&keywords=piano+keyboard,"$ 39 99 "
"RockJam RJ761-SK Key Electronic Interactive Teaching Piano Keyboard with Stand, Stool, Sustain pedal & Headphones",https://www.amazon.com/RockJam-RJ761-SK-Electronic-Interactive-Headphones/dp/B06XBZH1DZ/ref=sr_1_20?ie=UTF8&qid=1531848340&sr=8-20&keywords=piano+keyboard&smid=ATVPDKIKX0DER,"$ 99 99 "
Piano Stickers for Keys – Removable w/ Double Layer Coating for 49 / 61 / 76 / 88 Keyboards,https://www.amazon.com/Piano-Stickers-Keys-Removable-Keyboards/dp/B01EGV6UJ8/ref=sr_1_21?ie=UTF8&qid=1531848340&sr=8-21&keywords=piano+keyboard,"$ 7 95 "
"[Sponsored]The ONE Smart Piano Keyboard, 61-Key Portable Keyboard, The ONE Light Keyboard, Electric MIDI Keyboard, Golden-White",/gp/slredirect/picassoRedirect.html/ref=pa_sp_atf_next_aps_sr_pg2_1?ie=UTF8&adId=A04859922LE0TYLHLYK5J&url=https%3A%2F%2Fwww.amazon.com%2FONE-Keyboard-Portable-Electric-Golden-White%2Fdp%2FB016DP0G3G%2Fref%3Dsr_1_17_sspa%3Fie%3DUTF8%26qid%3D1531848720%26sr%3D8-17-spons%26keywords%3Dpiano%2Bkeyboard%26psc%3D1&qualifier=1531848720&id=7700841975928911&widgetName=sp_atf_next,"$ 279 00 "
"[Sponsored]The ONE Smart Piano, Weighted 88-Key Digital Piano, Grand Graded Hammer-Action Keys Upright Piano-Matte Black",/gp/slredirect/picassoRedirect.html/ref=pa_sp_atf_next_aps_sr_pg2_2?ie=UTF8&adId=A048639216DH6JG5DBP6T&url=https%3A%2F%2Fwww.amazon.com%2FONE-Weighted-Digital-Hammer-Action-Piano-Matte%2Fdp%2FB00B5LC12I%2Fref%3Dsr_1_18_sspa%3Fie%3DUTF8%26qid%3D1531848720%26sr%3D8-18-spons%26keywords%3Dpiano%2Bkeyboard%26psc%3D1&qualifier=1531848720&id=7700841975928911&widgetName=sp_atf_next,"$ 1,181 86 "
Hamzer 61-Key Digital Music Piano Keyboard - Portable Electronic Musical Instrument - with Microphone,https://www.amazon.com/Hamzer-61-Key-Digital-Music-Keyboard/dp/B01H5M9OKM/ref=sr_1_19?ie=UTF8&qid=1531848720&sr=8-19&keywords=piano+keyboard,"$ 69 99 "
Hamzer 61-Key Digital Music Piano Keyboard - Portable Electronic Musical Instrument - with Stand & Microphone,https://www.amazon.com/Hamzer-61-Key-Digital-Music-Keyboard/dp/B01H5M9MR2/ref=sr_1_20?ie=UTF8&qid=1531848720&sr=8-20&keywords=piano+keyboard,"$ 86 99 "
"The ONE Smart Piano Keyboard, 61-Key Portable Keyboard, The ONE Light Keyboard, Electric MIDI Keyboard, Black",https://www.amazon.com/ONE-Keyboard-61-Key-Portable-Electric/dp/B016DOY9UI/ref=sr_1_21?ie=UTF8&qid=1531848720&sr=8-21&keywords=piano+keyboard,"$ 279 00 "
,,"$ 249 99 "
,,"$ 8 95 "
,,"$ 24 99 "
,,"$ 297 99 "
Yamaha P71 88-Key Weighted Action Digital Piano with Sustain Pedal and Power Supply (Amazon-Exclusive),https://www.amazon.com/Yamaha-Weighted-Digital-Sustain-Amazon-Exclusive/dp/B01LY8OUQW/ref=sr_1_26?ie=UTF8&qid=1531848720&sr=8-26&keywords=piano+keyboard&smid=ATVPDKIKX0DER,"$ 399 99 "
,,"$ 599 99 "
Piano Stickers for 49/61/76/88 Key Keyboards – Transparent and Removable with Free Piano Ebook; Made in USA,https://www.amazon.com/Piano-Stickers-Key-Keyboards-Transparent/dp/B019MF3VCC/ref=sr_1_29?ie=UTF8&qid=1531848720&sr=8-29&keywords=piano+keyboard,"$ 6 95 "
Click N' Play GreenPro 61 Key Portable Electronic Piano Keyboard LED Display with Adjustable Stand and Music Notes Holder,https://www.amazon.com/Click-Play-GreenPro-Electronic-Adjustable/dp/B0773W2TMH/ref=sr_1_30?ie=UTF8&qid=1531848720&sr=8-30&keywords=piano+keyboard,"$ 77 13 "
,,"$ 21 95 "
Vangoa VGK4900 Pink 49-Key LCD Display Screen Electronic Keyboard Piano with Mic & Power Adapter,https://www.amazon.com/Vangoa-VGK4900-Display-Electronic-Keyboard/dp/B074P28FQD/ref=sr_1_32?ie=UTF8&qid=1531848720&sr=8-32&keywords=piano+keyboard,"$ 63 99 "
,,"$ 199 00 "
"Joy JK-63M-KIT With USB 61-Key Keyboard Set Including Headphone,Stand,Stool and Power Supply",https://www.amazon.com/Joy-JK-63M-KIT-Keyboard-Including-Headphone/dp/B01MUC967L/ref=sr_1_34?ie=UTF8&qid=1531848720&sr=8-34&keywords=piano+keyboard,"$ 119 99 "
"[Sponsored]Vangoa VGK6100 61-Key LCD Display Music Digital Piano Keyboard with Stand and X-Style Bench, Black",/gp/slredirect/picassoRedirect.html/ref=pa_sp_btf_aps_sr_pg2_2?ie=UTF8&adId=A07057233UUONZU2OORFE&url=https%3A%2F%2Fwww.amazon.com%2FVangoa-VGK6100-Display-Digital-Keyboard%2Fdp%2FB074X8NWFW%2Fref%3Dsr_1_35_sspa%3Fie%3DUTF8%26qid%3D1531848720%26sr%3D8-35-spons%26keywords%3Dpiano%2Bkeyboard%26psc%3D1&qualifier=1531848720&id=7700841975928911&widgetName=sp_btf,"$ 119 99 "
"[Sponsored]The ONE Smart Keyboard Pro, 88-Key Digital Piano Keyboard, Portable Digital Piano, Weighted Action Keys, Black",/gp/slredirect/picassoRedirect.html/ref=pa_sp_btf_aps_sr_pg2_1?ie=UTF8&adId=A0791179U2VP5D8HS8DZ&url=https%3A%2F%2Fwww.amazon.com%2FONE-Keyboard-Digital-Portable-Weighted%2Fdp%2FB075XMYBCM%2Fref%3Dsr_1_36_sspa%3Fie%3DUTF8%26qid%3D1531848720%26sr%3D8-36-spons%26keywords%3Dpiano%2Bkeyboard%26psc%3D1&qualifier=1531848720&id=7700841975928911&widgetName=sp_btf,"$ 799 00 "
"[Sponsored]The ONE Smart Piano Keyboard, 61-Key Portable Keyboard, The ONE Light Keyboard, Electric MIDI Keyboard, Black",/gp/slredirect/picassoRedirect.html/ref=pa_sp_atf_next_aps_sr_pg3_1?ie=UTF8&adId=A04862362YA3OVGAG1QBO&url=https%3A%2F%2Fwww.amazon.com%2FONE-Keyboard-61-Key-Portable-Electric%2Fdp%2FB016DOY9UI%2Fref%3Dsr_1_33_sspa%3Fie%3DUTF8%26qid%3D1531848726%26sr%3D8-33-spons%26keywords%3Dpiano%2Bkeyboard%26psc%3D1&qualifier=1531848725&id=8144501834533656&widgetName=sp_atf_next,"$ 279 00 "
,,"$ 59 99 "
"RockJam Xfinity Heavy-Duty, Double-X, Pre-Assembled, Infinitely Adjustable Piano Keyboard Stand with Locking Straps",https://www.amazon.com/RockJam-Heavy-Duty-Pre-Assembled-Infinitely-Adjustable/dp/B01B15JPCQ/ref=sr_1_35?ie=UTF8&qid=1531848726&sr=8-35&keywords=piano+keyboard,"$ 29 99 "
Piano and Keyboard Music Note Full Set Stickers for White and Black Keys with Piano Songs EBook; Transparent and Removable! Made in USA,https://www.amazon.com/Piano-Keyboard-Stickers-Transparent-Removable/dp/B01F8BY2AO/ref=sr_1_36?ie=UTF8&qid=1531848726&sr=8-36&keywords=piano+keyboard,"$ 12 95 "
"Joy KL-91M With USB & 61 Lighted Keys Simulation Piano Keyboard Starter Pack Including Headphone,Stand,Stool and Power Supply",https://www.amazon.com/Joy-Simulation-Keyboard-Including-Headphone/dp/B01N12G81Z/ref=sr_1_37?ie=UTF8&qid=1531848726&sr=8-37&keywords=piano+keyboard,"$ 119 99 "
"aPerfectLife Piano for Kids, Multi-function 61 Keys Electronic Organ Kids Piano Musical Teaching Keyboard Toy for Kids Children (Black)",https://www.amazon.com/aPerfectLife-Multi-function-Electronic-Teaching-Keyboard/dp/B078MJWBDJ/ref=sr_1_38?ie=UTF8&qid=1531848726&sr=8-38&keywords=piano+keyboard,"$ 36 58 "
,,"$ 22 25 "
"Plixio 61 Key Electronic Keyboard Piano with LED Display, Stereo & USB Input- Portable Music Keyboard",https://www.amazon.com/Plixio-Electronic-Keyboard-Display-Portable/dp/B0773VDP6R/ref=sr_1_40?ie=UTF8&qid=1531848726&sr=8-40&keywords=piano+keyboard,
,,"$ 29 99 "
,,"$ 10 97 "
ELE-LIFE EL-57 Black 61-Key Digital Portable Keyboard Piano Electronic With Stand & Power Supply,https://www.amazon.com/ELE-LIFE-EL-57-Portable-Keyboard-Electronic/dp/B0794PFYND/ref=sr_1_43?ie=UTF8&qid=1531848726&sr=8-43&keywords=piano+keyboard,"$ 67 36 "
,,"$ 38 62 "
"Piano Stickers for White & Black Keys with User Guide, Transparent and Removable Piano Music Notes Stickers for 49/61/76/88 Keyboards, Gift for Kids and Piano Beginners - TimberRain",https://www.amazon.com/Stickers-Transparent-Removable-Keyboards-Beginners/dp/B07DC4WZBQ/ref=sr_1_45?ie=UTF8&qid=1531848726&sr=8-45&keywords=piano+keyboard,"$ 4 99 "
Color Piano Stickers for 49 / 61/ 76 / 88 Key Keyboards – Transparent and Removable with Free Piano Ebook,https://www.amazon.com/Color-Piano-Stickers-Key-Keyboards/dp/B07664BNF2/ref=sr_1_47?ie=UTF8&qid=1531848726&sr=8-47&keywords=piano+keyboard,"$ 8 95 "
"Piano Keyboard Dust Cover for 88 Keys - Piano Chord EBook Included - Made of Nylon / Spandex - Comes Complete with Built-In Bag, Elastic Cord and - Locking Clasp - Keep It Free From Dust and Dirt!",https://www.amazon.com/Piano-Keyboard-Dust-Cover-Built/dp/B01CZTOPSG/ref=sr_1_49?ie=UTF8&qid=1531848726&sr=8-49&keywords=piano+keyboard&smid=A3V7K4GU7V7R1L,"$ 13 57 "
,,"$ 141 99 "
,,"$ 9 99 "
,,"$ 99 99 "
"[Sponsored]Hamzer 61-Key Portable Electronic Keyboard Piano with Stand, Stool, Headphones & Microphone",/gp/slredirect/picassoRedirect.html/ref=pa_sp_atf_next_aps_sr_pg4_1?ie=UTF8&adId=A062113639MGIJFS0XETL&url=https%3A%2F%2Fwww.amazon.com%2FHamzer-Portable-Electronic-Headphones-Microphone%2Fdp%2FB0714JFQ7F%2Fref%3Dsr_1_49_sspa%3Fie%3DUTF8%26qid%3D1531848729%26sr%3D8-49-spons%26keywords%3Dpiano%2Bkeyboard%26psc%3D1&qualifier=1531848729&id=4731629890882417&widgetName=sp_atf_next,"$ 109 99 "
,,"$ 249 00 "
"Best Reusable Color Piano Key Note Keyboard Stickers for Adults & Children’s Lessons, FREE E-BOOK, Great for Beginners Sheet Music Books, Recommended by Teachers to Learn to Play Keys & Notes Faster",https://www.amazon.com/Reusable-Keyboard-Childrens-Beginners-Recommended/dp/B01M0JWC97/ref=sr_1_52?ie=UTF8&qid=1531848729&sr=8-52&keywords=piano+keyboard,"$ 9 97 "
Best Choice Products 61 Key Music Electronic Keyboard Piano With X Stand LCD Display Screen,https://www.amazon.com/Best-Choice-Products-Electronic-Keyboard/dp/B004G1ONHA/ref=sr_1_53?ie=UTF8&qid=1531848729&sr=8-53&keywords=piano+keyboard,"$ 79 99 "
"Yamaha P-45 Digital Piano - Black Bundle with Adjustable Stand, Bench, Headphones, Instructional Book, Austin Bazaar Instructional DVD, and Polishing Cloth",https://www.amazon.com/Yamaha-P-45-Digital-Piano-Instructional/dp/B00UOEBTO8/ref=sr_1_54?ie=UTF8&qid=1531848729&sr=8-54&keywords=piano+keyboard,"$ 499 99 "
"Casio CT-X700 Portable Keyboard Bundle with Stand, Bench, Sustain Pedal, Power Adapter, Austin Bazaar Instructional DVD, and Polishing Cloth",https://www.amazon.com/Casio-Portable-Keyboard-Instructional-Polishing/dp/B07BN1RVWK/ref=sr_1_56?ie=UTF8&qid=1531848729&sr=8-56&keywords=piano+keyboard,"$ 199 99 "
,,"$ 7 19 "
M-Audio Keystation 88 II | 88-Key USB MIDI Keyboard Controller with Pitch-Bend & Modulation Wheels,https://www.amazon.com/M-Audio-Keystation-88-II-Controller/dp/B00IWTS58A/ref=sr_1_59?ie=UTF8&qid=1531848729&sr=8-59&keywords=piano+keyboard,"$ 179 49 "
"aPerfectLife Kids Piano, 32 Keys Multifunction Electronic Kids Keyboard Piano Music Instrument for Toddler with Microphone (Black)",https://www.amazon.com/aPerfectLife-Multifunction-Electronic-Instrument-Microphone/dp/B07B4R5P4X/ref=sr_1_60?ie=UTF8&qid=1531848729&sr=8-60&keywords=piano+keyboard&smid=A2T3BLBN0SRES0,"$ 21 26 "
"Stickers for Piano / Keyboards, 49,61,76,88 Key Full Set of Piano & Keyboard Music Note Stickers, Transparent Plastic Stickers has both black keys and white keys & User Guide",https://www.amazon.com/Stickers-Keyboards-Keyboard-Transparent-Plastic/dp/B076RW54SZ/ref=sr_1_61?ie=UTF8&qid=1531848729&sr=8-61&keywords=piano+keyboard,"$ 4 99 "
,,"$ 14 36 "
"KikerTech BT 2018 Premium Grade Silicone Roll Up Piano Keyboard with Built-In Speaker, Connecting Pedal and Bluetooth (61 Keys, Blue)",https://www.amazon.com/KikerTech-Silicone-Keyboard-Connecting-Bluetooth/dp/B0752BCV16/ref=sr_1_63?ie=UTF8&qid=1531848729&sr=8-63&keywords=piano+keyboard,"$ 59 98 "
,,"$ 29 95 "
"[Sponsored]Vangoa MK-816 USB-MIDI(APP) 61 Keys Electric Piano Keyboard with Lighting Keys, X-style Bench, LCD Display Screen, Microphone, Headphone and Carrying Bag",/gp/slredirect/picassoRedirect.html/ref=pa_sp_btf_aps_sr_pg4_2?ie=UTF8&adId=A0342505A99Q0OTZTNES&url=https%3A%2F%2Fwww.amazon.com%2FVangoa-USB-MIDI-Electric-Microphone-Headphone%2Fdp%2FB06XK6RS56%2Fref%3Dsr_1_67_sspa%3Fie%3DUTF8%26qid%3D1531848729%26sr%3D8-67-spons%26keywords%3Dpiano%2Bkeyboard%26psc%3D1&qualifier=1531848729&id=4731629890882417&widgetName=sp_btf,"$ 145 99 "
[Sponsored]Hamzer 61-Key Digital Music Piano Keyboard - Portable Electronic Musical Instrument - with Microphone,/gp/slredirect/picassoRedirect.html/ref=pa_sp_btf_aps_sr_pg4_1?ie=UTF8&adId=A01092523438VNYBB5LVU&url=https%3A%2F%2Fwww.amazon.com%2FHamzer-61-Key-Digital-Music-Keyboard%2Fdp%2FB01H5M9OKM%2Fref%3Dsr_1_68_sspa%3Fie%3DUTF8%26qid%3D1531848729%26sr%3D8-68-spons%26keywords%3Dpiano%2Bkeyboard%26psc%3D1&qualifier=1531848729&id=4731629890882417&widgetName=sp_btf,"$ 69 99 "
,,"$ 119 99 "
,,"$ 249 99 "
,,"$ 25 62 "
Sustain Pedal Universal for Yamaha Casio Roland Korg Behringer Moog Piano Midi Electronic keyboards,https://www.amazon.com/Sustain-Universal-Behringer-Electronic-keyboards/dp/B071HN5TQ5/ref=sr_1_68?ie=UTF8&qid=1531848733&sr=8-68&keywords=piano+keyboard,"$ 14 99 "
,,"$ 10 98 "
"Piano Stickers for Keys, Reusable COLOR Piano Keyboard Stickers for 49 / 61 / 76 / 88 Keyboards, Help for Piano Lessons, FREE Instructions, Gift For Beginner To Learn To Play Keys & Notes Faster",https://www.amazon.com/Stickers-Reusable-Keyboard-Keyboards-Instructions/dp/B078SMP7X7/ref=sr_1_71?ie=UTF8&qid=1531848733&sr=8-71&keywords=piano+keyboard,"$ 4 99 "
"Neewer Keyboard Bench Piano Bench with Padded Cushion,X-style Legs,4-Position Height Adjustable (21.6""/23.6""/24.8""/26.8"", 55cm/60cm/63cm/68cm) Black",https://www.amazon.com/Neewer-Keyboard-Cushion-4-Position-Adjustable/dp/B075CN628B/ref=sr_1_72?ie=UTF8&qid=1531848733&sr=8-72&keywords=piano+keyboard,"$ 39 99 "
Large Piano Chord Chart Poster. Perfect for Students and Teachers. Size: 24in Tall X 18in Wide. Educational Handy Guide Chart Print for keyboard music lessons. P1001m,https://www.amazon.com/Large-Poster-Perfect-Students-Teachers/dp/B073SC111D/ref=sr_1_74?ie=UTF8&qid=1531848733&sr=8-74&keywords=piano+keyboard,"$ 14 99 "
"aPerfectLife Chargable Piano Keyboard for Kids, 49 Keys Multi-function Electronic Kids Piano Keyboard Educational Toy Organ for Beginners and Kids with Charging function (Pink)",https://www.amazon.com/aPerfectLife-Chargable-Multi-function-Electronic-Educational/dp/B07DFHJFFM/ref=sr_1_75?ie=UTF8&qid=1531848733&sr=8-75&keywords=piano+keyboard,"$ 38 89 "
,,"$ 499 99 "
,,"$ 41 21 "
"Piano Keyboard Cover, Stretchable Velvet Dust Cover with Adjustable Elastic Cord and Locking Clasp for 61 Keys Electronic Keyboard, Digital Piano, Yamaha, Casio, Roland, Consoles and more(Black)",https://www.amazon.com/Keyboard-Stretchable-Adjustable-Electronic-Consoles/dp/B06XV3388Z/ref=sr_1_78?ie=UTF8&qid=1531848733&sr=8-78&keywords=piano+keyboard,"$ 10 99 "
"WILLBOND 3 Pieces Headphone Adapter 6.35 mm Male to 3.5 mm Female, 3.5 mm Male to 6.35 mm Female, 3.5 mm Female to 3.5 mm Female Stereo Jack Adaptor",https://www.amazon.com/WILLBOND-Pieces-Headphone-Adapter-Adaptor/dp/B078MM1ZCR/ref=sr_1_79?ie=UTF8&qid=1531848733&sr=8-79&keywords=piano+keyboard,"$ 4 91 "
,,"$ 196 80 "
Stretchable Keyboard Dust Cover for 88 Key-keyboard: Best for all Digital Pianos & Consoles – Adjustable Elastic Cord; Machine Washable – FREE Piano Chords Ebook – 49”×17”×6”.,https://www.amazon.com/Stretchable-Keyboard-Dust-Cover-Key-keyboard/dp/B015OPQGBC/ref=sr_1_81?ie=UTF8&qid=1531848733&sr=8-81&keywords=piano+keyboard,"$ 16 90 "
Lightahead Premium Grade 61 Keys Electronic Keyboard Piano Organ with Sing along Microphone Portable Multi-function for all ages,https://www.amazon.com/Lightahead-Electronic-Keyboard-Microphone-Multi-function/dp/B0752TT8HG/ref=sr_1_82?ie=UTF8&qid=1531848733&sr=8-82&keywords=piano+keyboard,"$ 45 99 "
"[Sponsored]Yamaha P125 88-Key Weighted Action Digital Piano with Power Supply and Sustain Pedal, Black",/gp/slredirect/picassoRedirect.html/ref=pa_sp_btf_aps_sr_pg5_2?ie=UTF8&adId=A064823227H56XPFBXDLK&url=https%3A%2F%2Fwww.amazon.com%2FYamaha-88-Key-Weighted-Digital-Sustain%2Fdp%2FB07BSM7PFL%2Fref%3Dsr_1_83_sspa%3Fie%3DUTF8%26qid%3D1531848733%26sr%3D8-83-spons%26keywords%3Dpiano%2Bkeyboard%26psc%3D1&qualifier=1531848733&id=2154905023141087&widgetName=sp_btf,"$ 599 99 "
,,"$ 799 99 "
,,"$ 119 99 "
,,"$ 249 99 "
"aPerfectLife Kids Piano, 32 Keys Multifunction Electronic Kids Keyboard Piano Music Instrument for Toddler with Microphone",https://www.amazon.com/aPerfectLife-Multifunction-Electronic-Instrument-Microphone/dp/B078S2PH3R/ref=sr_1_83?ie=UTF8&qid=1531848737&sr=8-83&keywords=piano+keyboard,"$ 26 58 "
,,"$ 39 99 "
XtremepowerUS 61 Key Electronic Music Keyboard Electronic Piano W/ Stand LCD Display Screen,https://www.amazon.com/XtremepowerUS-Electronic-Keyboard-Display-Screen/dp/B00MJKAPF4/ref=sr_1_86?ie=UTF8&qid=1531848737&sr=8-86&keywords=piano+keyboard,"$ 89 95 "
,,"$ 12 99 "
Plixio 61 Key Mid-Size Electric Piano Keyboard with USB & MP3 Input- Portable Electronic Music Keyboard,https://www.amazon.com/Plixio-Mid-Size-Electric-Keyboard-Electronic/dp/B01AAMYWFQ/ref=sr_1_88?ie=UTF8&qid=1531848737&sr=8-88&keywords=piano+keyboard,"$ 42 99 "
,,"$ 10 83 "
"Yamaha P125 88-Key Weighted Action Digital Piano with Power Supply and Sustain Pedal, Black",https://www.amazon.com/Yamaha-88-Key-Weighted-Digital-Sustain/dp/B07BSM7PFL/ref=sr_1_90?ie=UTF8&qid=1531848737&sr=8-90&keywords=piano+keyboard,
"Casio Privia PX-160 Digital Piano - Black Bundle with CS-67 Stand, SP-33 Pedal, Furniture Bench, Instructional Book, Austin Bazaar Instructional DVD, and Polishing Cloth",https://www.amazon.com/Casio-Privia-PX-160-Digital-Piano/dp/B0106BXNIS/ref=sr_1_91?ie=UTF8&qid=1531848737&sr=8-91&keywords=piano+keyboard,"$ 649 99 "
